_id,url,title,product_promotion,product_specs,current_price,color_options
666baeb49793e149fe7393b4,https://hoanghamobile.com/dien-thoai/nokia-3210-4g-chinh-hang,nokia 3210 4g - chính hãng,,"Công nghệ màn hình:
IPS<br> Kích thước màn hình:
2.4 inch<br> Độ phân giải:
2MP<br> Hệ điều hành:
S30+<br> Bộ nhớ trong:
128MB3<br> RAM:
64MB<br> Mạng di động:
2G, 3G, 4G, Hỗ trợ VoLTE2<br> Số khe SIM:
Hai SIM Nano SIM + Nano SIM<br> Dung lượng pin:
1450mAh<br>","1,590,000 ₫","['Màu Vàng', 'Xanh', 'Màu Đen']"
666baeb49793e149fe7393bc,https://hoanghamobile.com/dien-thoai-di-dong/samsung-galaxy-a05s-6gb-128gb-bh%C4%91t,samsung galaxy a05s - 6gb/128gb (bhđt),- Ưu đãi trả góp 0% qua Shinhan Finance hoặc Mirae Asset Finance<br>- Giảm 5% không giới hạn khuyến mãi qua Homepaylater<br>- Giảm thêm tới 700.000đ khi thanh toán qua Kredivo.<br>- Giảm 50% tối đa 700k khi mở thẻ tín dụng Vpbank trên SenID<br>- Giảm 20% tối đa 500k khi mở thẻ tín dụng TPBank EVO<br>- Mở thẻ tín dụng VIB - Nhận Voucher 600.000đ<br>- Giảm 1% tối đa 100.000đ  khi thanh toán qua Zalopay<br>,"Công nghệ màn hình:
PLS LCD, 90Hz<br> Độ phân giải:
FHD+ (2400 x 1080), 50MP (F1.8) AF, 2MP (F2.4), 2MP (F2.4), 13MP (F2.0)<br> Kích thước màn hình:
6.7 inch<br> Hệ điều hành:
One UI 5.1<br> Vi xử lý:
Qualcomm Snapdragon 680<br> Bộ nhớ trong:
128GB<br> RAM:
6GB<br> Dung lượng pin:
5000 mAh<br>","3,490,000 ₫","['Màu Đen', 'Xanh', 'Bạc']"
666baeb49793e149fe7393b8,https://hoanghamobile.com/dien-thoai/vivo-y03-4-64gb-chinh-hang,vivo y03 4/64gb- chính hãng,- Ưu đãi tặng Sim Mobifone Hera & Key bản quyền Office 365 A3 khi mua điện thoại tại Hoàng Hà Mobile (SL có hạn)<br>,"Công nghệ màn hình:
IPS LCD<br> Độ phân giải:
HD+ (720 x 1612 Pixels), Chính 13 MP & Phụ 0.08 MP, 5 MP<br> Kích thước màn hình:
6.56 inch<br> Hệ điều hành:
Funtouch OS 14.0<br> Vi xử lý:
Helio G85<br> RAM:
4 GB<br> Mạng di động:
Hỗ trợ 4G<br> Số khe SIM:
2 Nano SIM<br> Dung lượng pin:
5000 mAh<br>","2,790,000 ₫","['Màu Đen', 'Xanh']"